"Identifier","P_Application_Score","P_Behavioural_Score"
1,374.822235496465,621.588905716271
5,347.681089271329,686.42626030214
9,346.551631524236,692.022437660578
11,NA,NA
12,360.074056226521,671.779824046485
21,NA,NA
29,371.512851739462,669.156816762886
31,357.311512547982,642.719248814546
39,NA,NA
42,359.112385204869,651.945658909396
51,366.920098040455,643.193500255176
59,368.144781023275,681.896400439907
61,355.08336148608,633.184451928548
66,369.440180444117,629.543799568668
68,367.994486825662,628.354136611392
70,378.266267833478,652.887500571469
71,361.039997159757,634.094593046221
72,343.385563550803,622.080643591299
75,NA,NA
77,371.370544257525,643.384503578418
79,360.39109100535,629.948627722028
83,351.613389216148,614.138995132851
86,NA,NA
97,NA,NA
106,352.37068908205,636.354144367818
107,392.818111957551,686.723559837319
108,NA,NA
109,372.156591877778,645.713264659714
111,361.531252774925,636.017018841174
118,351.363870873436,670.408152349393
123,360.771733925277,665.282689254025
124,NA,NA
129,357.931725340469,682.469122677726
139,360.61212011776,652.165028967259
149,349.184798408013,633.934511642682
156,375.799928319274,694.374243448543
159,339.462857024388,672.117523030497
160,351.75483723471,637.171354326347
167,368.316270627622,666.215639064058
169,341.322800652418,591.696640565967
172,359.607832010567,627.829724107516
177,348.313086081075,659.958131589022
179,355.696912150109,644.298980782794
207,352.600963288966,649.723300742287
209,356.599441887714,688.221944239675
210,359.112588539062,679.847458601534
217,371.328867165569,678.425057788508
223,NA,NA
224,348.941295309275,633.086627758223
228,NA,NA
232,NA,NA
237,NA,NA
238,352.31679657143,729.805307794586
239,368.099316929996,643.667945880806
241,361.295068437882,659.968098007131
247,358.427862151679,641.81794930241
250,325.761342563285,642.844469225318
261,NA,NA
262,365.236337861654,723.543497566407
275,345.189877847482,617.157946687251
277,369.188350769212,680.421960158274
278,371.744879687632,655.300836820467
279,380.550101685567,644.831085239894
284,362.423382601378,627.346994530216
285,364.56220466376,643.6268379568
289,NA,NA
293,364.914675862524,709.019732269539
295,NA,NA
299,361.913906267027,678.761464555985
301,372.89398472958,677.717010624383
302,346.9299144865,671.119780055077
303,364.692339755104,716.838984501357
304,361.672168656667,633.913723590856
308,353.88528159135,675.420022241715
309,357.920840194935,675.420904637528
313,353.045316672499,690.351359750733
317,NA,NA
322,NA,NA
323,354.662028741369,673.249385295754
333,NA,NA
339,360.447704925126,651.885156660845
345,361.556994732763,666.203121446996
346,354.317840216343,652.103298641519
349,353.64858354415,664.54817328229
351,375.021244388445,667.961503553593
354,368.551382372638,696.292357849012
358,358.316094773644,671.516675972837
359,385.280883011957,702.366578508687
360,372.229880025457,688.343165301371
361,387.076074210984,663.825397363703
365,359.337837658052,721.65686497645
370,NA,NA
375,339.420945261265,640.895902320758
376,NA,NA
380,338.705702514245,668.415609185984
382,351.353605362256,658.039377535674
387,365.460205606273,649.355745601188
388,382.256449758681,637.559172528745
392,367.602560234426,690.721940046419
393,366.847316055296,632.997265072554
396,373.233226831771,659.795208423352
400,357.369377815369,623.749247300408
401,NA,NA
404,365.850690443108,634.262777698684
406,371.779488445665,666.120194933045
408,379.33683241361,654.354366173239
415,363.183011538297,655.376747709256
417,344.562048529758,656.282183677803
418,386.645848510258,686.903412687971
420,354.778410590851,645.110739807925
422,371.532641754661,655.788319805381
427,NA,NA
428,335.717578869114,644.366015668034
429,367.357588100326,654.008015954932
430,NA,NA
433,360.598419895316,632.678313408381
434,370.12326716016,641.306246252479
437,367.269785875105,639.426887789676
438,357.444946891382,654.194351176999
443,NA,NA
453,361.952321783396,712.326272347652
454,378.984759570368,652.662779556214
455,367.030125705997,679.263413805629
460,402.246189274375,631.114998854098
461,354.390991420831,635.300039457929
463,377.179305811477,682.478922074235
464,373.726175970973,672.161452705741
469,NA,NA
473,339.543381532781,611.438173629944
478,357.162481368643,642.966172303426
479,348.505870558292,615.705680708874
481,374.297659086317,666.48755294397
482,353.683179538105,666.608228642933
483,371.018982759251,711.273806534655
484,378.919982057809,660.030868940126
486,NA,NA
487,NA,NA
493,367.924577675903,633.656412420799
495,369.13834773395,653.256732533342
496,353.072637053129,673.402132626836
498,345.55195196632,686.652124665377
502,356.673392899758,629.008794973975
508,NA,NA
509,365.625530699117,641.409872334977
510,355.058447802998,674.458422490609
515,378.693534248,699.122065978312
533,359.715986496215,672.465575016391
534,387.47102112682,656.290302324227
538,NA,NA
542,368.490728192761,683.564911870667
545,NA,NA
551,NA,NA
552,376.527125501351,612.323227600501
556,354.264981630077,662.136828148761
567,NA,NA
573,367.773786670485,659.143596327118
577,NA,NA
578,359.038500309623,702.816404654774
586,346.85527629154,622.419912143304
589,NA,NA
590,380.417206774994,662.707082813415
591,351.184710435371,660.497347166823
592,356.095877337581,653.603011675003
594,341.126919187411,699.765036245861
596,351.42724572388,699.310039609484
598,NA,NA
600,384.116159036769,683.479575275097
602,360.023202766371,676.534825849938
603,373.661066723185,671.065559560404
609,377.077869420858,651.816832247269
618,364.145116683494,638.714614415491
626,345.056484414728,628.735642122197
632,366.504922273784,641.210938475402
637,349.773976855037,680.486020687557
638,369.362244433936,657.928769122602
643,NA,NA
645,353.054517904377,688.960074624936
646,370.327552424319,661.090211393103
652,373.360838111298,645.152141137062
654,372.673236623203,694.157719734798
656,373.821640282275,665.682741661252
658,372.838033944577,641.794776576335
660,361.353707510248,656.806834615463
661,NA,NA
663,353.588212684472,688.003679313643
669,807.382751290812,692.614398013124
672,351.879877613669,667.997082743296
682,NA,NA
685,386.736963332774,685.107723093845
686,365.995211215897,657.095986322895
690,343.818024760392,689.280798448642
695,355.734317591525,699.023182978731
696,364.719888334422,648.242287478147
698,382.822195337058,673.893417318497
700,382.73502803572,657.340090326712
703,NA,NA
706,NA,NA
707,349.819276273688,656.206962895644
708,372.360695389856,639.275751367161
710,364.889948072725,685.263816415143
711,NA,NA
715,369.855664832845,655.067282528961
727,340.26743208535,620.526457632755
728,359.957721331458,648.800943039726
734,351.387554603473,683.786219257215
738,371.45728324069,657.463090204268
739,NA,NA
744,367.240940876359,704.615211060976
747,NA,NA
749,382.144297035524,712.834452214998
750,373.869326061868,650.122790535685
755,371.780048651201,646.210781328932
759,NA,NA
768,370.824190689606,713.39864658174
770,NA,NA
780,377.754022810531,682.327358911188
782,346.764879939254,695.265257477213
783,365.78313536994,647.382550417634
785,NA,NA
788,364.501425778371,704.083286213181
794,341.522760541688,626.593194855938
796,379.846418099216,664.751700338277
798,366.476881107978,677.594562773534
799,376.207034810949,657.921133676082
809,384.083182535738,623.542469574663
816,394.4663669948,710.148397927101
822,381.506851954496,690.142617439766
829,NA,NA
834,353.323797732265,641.4133089619
835,355.663359657494,735.945523893137
840,348.642651809925,650.872532552637
842,NA,NA
843,340.836002306777,654.280213905155
846,352.448798314279,705.913936405025
848,385.808363374882,648.611329253486
850,360.10419771478,713.549637005353
869,360.478505591004,728.970258788731
875,367.454748027342,679.128403196349
876,844.003847192191,705.197621623398
885,343.682797424418,658.315441385696
891,350.807468002011,626.479933902779
893,353.479320569692,674.06081579858
901,363.545019149779,674.207118786031
902,365.997793603457,663.210841143843
904,368.887970082998,686.770075263029
907,345.688250654262,640.38346661165
909,381.547265523852,646.75414041758
911,356.456964865085,633.572797357342
916,358.847196518525,665.693422863882
919,358.875344721075,694.981831241825
927,354.258411704302,626.256186932925
928,373.436675528631,638.545205020192
933,371.758942948239,659.741555400913
941,369.850108926265,654.375861904898
944,NA,NA
956,384.00540397306,655.840407644405
960,374.72162738901,723.943478395945
964,368.907913892048,668.403262541167
965,353.690832176536,734.930251046483
966,377.805273070438,638.975501151557
970,378.687180906172,697.656529692116
972,NA,NA
974,NA,NA
987,371.8975767858,656.10150701481
989,NA,NA
998,365.106682262502,637.168598679933
1000,371.239004014226,684.044534788682
1008,364.982171129893,669.812234206859
1011,367.73739976667,643.144621086918
1014,364.011382880197,704.844325794171
1018,363.358883069597,652.725398252174
1020,368.543481503045,639.934185047268
1026,375.38276103683,671.464676899485
1029,366.51021397687,661.345990582825
1032,NA,NA
1033,361.561559684584,636.954844490433
1034,369.76685908416,655.438787096429
1036,359.144933501159,684.78646842653
1038,NA,NA
1039,354.339216731008,697.915331295707
1053,339.389785496944,671.466631866399
1054,354.627728957902,659.973198944296
1062,NA,NA
1087,380.737989058879,662.679560948769
1091,341.842474894354,679.973465468209
1092,375.243873338596,657.652881042968
1099,NA,NA
1103,340.940595701648,657.95285182559
1104,359.284551220643,687.682576415039
1108,394.3246883682,657.991409365453
1110,372.528052360366,660.044550408532
1111,349.993204705651,662.915370614563
1112,378.054805991184,622.926255687446
1115,375.29972621624,730.956798838416
1117,354.823118566644,703.0187981923
1121,372.759982270853,648.778875027141
1125,367.219428697245,640.360002397228
1126,NA,NA
1127,NA,NA
1131,NA,NA
1138,366.879000845628,692.005903494086
1142,NA,NA
1143,361.101171884161,645.188852835668
1145,366.050511178427,694.639413916749
1148,366.997934452833,644.813381353898
1151,366.920565360055,640.606308850023
1153,344.026711792544,687.955295300175
1162,354.679860741663,699.442504185684
1165,373.320968325513,648.777819170533
1176,343.209425612728,705.05689636298
1178,NA,NA
1179,378.124286221563,702.508513594696
1182,365.139890878918,641.772168641918
1183,372.154613377354,634.761283857354
1190,361.741015357012,705.986720971975
1217,365.401190865997,698.772046742826
1224,362.176848858153,655.686492428779
1227,389.931715797974,659.041649816623
1237,NA,NA
1253,351.959443846018,622.671624883672
1254,349.10126729135,702.641534548252
1257,369.055301259873,645.661025208784
1258,364.546173902697,671.044238301314
1261,349.380153275807,686.469747267831
1266,361.897158383575,634.589679299584
1267,369.935878219187,663.418289880739
1268,370.498424833617,654.06392563612
1269,342.979072555873,609.766120142708
1273,373.7792181485,707.443304129998
1279,360.171367708087,626.388781433365
1288,380.07792529065,656.160876816995
1292,352.965504148378,692.005893719483
1304,NA,NA
1305,359.882803426997,618.813166801188
1314,NA,NA
1315,NA,NA
1324,371.498116943052,648.965478110182
1326,368.214822734115,699.380102006399
1334,335.504608625929,702.161403799471
1335,368.103799790255,651.3092767877
1342,347.36316487067,636.239294190592
1343,380.642420120779,666.271317447466
1345,NA,NA
1347,378.10542785204,670.861175255009
1351,398.660367442191,674.952260347389
1352,390.077432808808,674.686686794498
1358,362.319516456291,665.312488555405
1362,365.938940481214,659.468954426819
1368,NA,NA
1376,345.621493685921,681.189797693109
1379,361.070589063666,651.642067209721
1385,369.15636124484,662.055356215721
1396,350.704031201975,664.178823903351
1398,360.754046151908,693.316573642694
1404,355.178797797051,646.590419976381
1405,359.089230916122,688.467476445365
1406,359.753069893605,661.413612931113
1410,348.869294442071,617.467400034705
1414,363.124836685631,699.833355691352
1417,379.925949723229,660.671449239714
1420,373.67856910101,652.906675225093
1424,351.088424247769,671.520155175401
1438,357.189463253672,653.063919749854
1439,NA,NA
1441,367.114174618998,635.006940781137
1443,339.84704156423,671.102605940898
1445,365.183945292234,676.678101123931
1447,363.766976501068,618.849818153162
1448,393.173292806325,668.924560650061
1451,348.055049788783,685.059364135114
1455,NA,NA
1457,374.723133532334,702.109178608057
1458,359.835589151584,677.789784050608
1460,NA,NA
1461,358.916927381605,654.326177619834
1462,350.608734634267,665.963178225739
1475,360.78366494249,647.247080284441
1477,384.018764642089,692.303337906383
1478,340.059012322945,661.951362623293
1490,NA,NA
1495,NA,NA
1499,359.138851294385,660.842311792773
1503,360.650291808095,668.802570301968
1505,360.624628047153,661.073045243412
1506,355.557060189676,669.557766916124
1512,364.524859994868,669.08805650414
1514,NA,NA
1516,386.168912616158,667.961344843614
1520,363.042918114878,636.985796583591
1521,350.434947868642,664.977732690069
1526,NA,NA
1535,382.474528861634,664.313584044417
1539,363.309211962779,700.804552895131
1541,376.740339271805,686.821396105785
1544,361.468585630867,650.649996430468
1546,352.854962830968,710.43015975592
1550,NA,NA
1554,366.921485535156,693.176866423157
1556,371.551149205848,636.308484113881
1559,363.230393080568,645.431115851054
1562,382.185573592099,664.063980264904
1565,365.221317553663,689.847058534841
1569,368.072930710414,698.596846598416
1570,376.68759084885,637.091430951647
1575,355.680290112501,649.756880463878
1581,365.566882309885,641.776726187832
1589,369.355663294652,654.862567882651
1598,NA,NA
1600,NA,NA
1608,356.355468825682,642.094412587914
1614,NA,NA
1615,388.010399928349,700.670160435458
1624,377.851509512523,657.236325953551
1629,NA,NA
1632,351.455399193979,617.945455857396
1642,368.160057467286,642.373337285258
1649,354.513160358028,628.998258344659
1656,367.583475952549,672.856631279051
1665,356.342114499206,626.768987551357
1667,346.140345977289,653.5187000618
1670,371.509585801392,634.209414868159
1673,350.2165001352,608.537530297676
1678,346.664273325597,690.788216423286
1680,NA,NA
1681,344.856843778038,649.644657002494
1684,384.261136551592,628.848134110348
1688,NA,NA
1690,NA,NA
1703,359.039125457892,659.561711193069
1704,361.719954851765,721.490250081744
1709,379.256764102818,661.123082215234
1710,394.236424149832,680.127339263537
1713,343.819956257344,673.77350864127
1714,NA,NA
1717,394.864976351755,631.877225249989
1721,NA,NA
1723,353.806962084763,624.019690319104
1729,366.471465028686,663.222993084353
1735,375.144005815577,678.908673232662
1739,363.722281663297,686.190527510275
1740,347.845309763487,678.558757905418
1743,NA,NA
1758,369.381550316489,642.338509659923
1764,357.022022392058,625.574577224712
1765,365.719042836423,664.086786366837
1769,376.680520265645,683.756718909885
1774,826.799372148216,663.213140398429
1782,359.592055509078,666.473055219941
1785,359.026600939346,763.672039404091
1787,369.792735238204,640.368336101153
1789,360.485467855449,635.726899653756
1792,NA,NA
1795,359.159171874852,715.026054024681
1797,NA,NA
1799,NA,NA
1804,355.423456713362,654.755018903235
1806,382.340071003631,719.450864302807
1807,368.128408361934,683.38553953259
1808,343.894432261877,631.098005744459
1811,337.742330209709,663.147053288129
1816,366.141589574877,637.508959108957
1817,366.862847170618,659.95344118971
1825,376.302983157746,687.323192368399
1827,359.215706445305,666.043036197081
1828,357.366162417347,624.859532912726
1833,355.091842483425,701.805787913533
1837,371.933896307592,683.668436502776
1847,360.755898960085,651.567107581082
1859,NA,NA
1861,366.798680485243,686.386438211139
1865,371.833028652984,677.94497640625
1870,345.194156251555,653.068946546686
1877,NA,NA
1881,378.074447595172,676.355197161398
1883,362.410983463267,679.623109027952
1884,372.784422553769,695.223764376869
1888,352.189691655174,661.613441868982
1890,351.236824369348,643.139271269241
1892,357.997181883156,669.952018049568
1894,362.618718883172,653.567098343199
1895,360.743151157685,713.789894292036
1897,346.668204125767,654.208503363278
1900,359.421132935415,676.342680078512
1911,343.133916804284,604.751311736988
1913,376.632088769489,650.249133615794
1929,348.722601203103,695.690646780509
1930,365.528476877283,625.041906221273
1931,358.41578580548,689.586759889228
1933,340.38557016791,678.23859457826
1935,378.018843692863,675.257472000747
1936,357.281566795981,674.467074565207
1942,384.019294264779,703.04295291071
1951,366.67028397473,638.767119472783
1952,388.834115707159,647.965773880018
1956,372.838337552674,646.449446595474
1957,NA,NA
1966,370.957006162751,637.674040051285
1973,NA,NA
1974,NA,NA
1978,367.59057710453,648.379718456198
1980,336.952634960657,611.919268999891
1984,376.943297475745,645.458248754079
1985,349.52022042769,653.725940291405
1989,377.187284915096,697.484864620521
2003,359.094508160689,674.219471095239
2006,343.915522255422,687.92655843198
2011,381.505358724292,665.500369831966
2014,363.414630811217,620.197086249005
2016,NA,NA
2019,347.563711497945,657.516034241508
2022,365.86895207409,704.566440098474
2023,375.620922429513,713.757112203171
2025,346.184896074865,656.856650182137
2030,858.041817325062,684.20301947629
2034,359.993900017255,703.72864036101
2036,364.577688125169,633.192705266417
2037,347.237611423632,652.880162721294
2039,369.372931874318,639.89732051042
2043,357.767436422809,621.980740536607
2047,364.10429097329,618.460522787655
2059,360.711404890946,624.40525216254
2060,355.041487729027,683.850263291931
2067,369.136737779632,661.690223664466
2074,352.910881780725,694.500137749119
2075,NA,NA
2077,376.077959648214,688.593312453259
2080,356.237794361552,644.874312505208
2083,346.883846255484,645.097442122361
2084,356.227446197102,640.341808183991
2087,NA,NA
2088,370.419601919446,668.564386303051
2092,842.793983916907,699.081504473364
2093,368.094569305983,688.30928511833
2102,356.329078508184,657.795828460646
2108,357.598063246721,629.343490921452
2111,NA,NA
2115,NA,NA
2120,350.76451639281,654.117936928395
2122,368.743962362637,668.665344659338
2125,364.554008176684,627.428983340278
2128,359.075888781865,676.63966897059
2137,363.049197042893,630.683163780589
2140,343.656260012282,683.787817015221
2143,396.523647207908,682.656556136899
2148,393.859180845127,675.786712624328
2150,NA,NA
2153,NA,NA
2157,360.479367429053,658.575032462821
2167,365.98564764279,640.441517583617
2174,NA,NA
2175,337.491292021333,646.493729722693
2176,389.574253088817,639.303366888013
2181,373.16215010455,716.023313329315
2190,367.62961389288,682.705821962572
2191,356.971737661328,617.525733347783
2196,356.596903773127,654.934645809188
2198,355.056701453497,620.656329191049
2209,342.332680602844,691.31581889136
2211,NA,NA
2212,NA,NA
2220,372.888046650777,681.362387842818
2221,363.718213227086,661.076481723419
2222,362.877497093067,643.568873436222
2227,345.178370099737,683.58263783234
2229,354.208494789318,709.716799152918
2230,367.851985395781,651.248381943862
2238,NA,NA
2239,330.218129658636,674.137099470693
2240,383.73607343324,630.583891841124
2247,346.184938978045,671.882022873332
2259,NA,NA
2268,370.361297036293,648.808509454595
2275,375.818226545976,677.92546160851
2280,366.259781367583,700.649822811533
2292,387.403428770787,636.717033532335
2295,383.761436082098,645.095340367812
2308,NA,NA
2315,NA,NA
2332,363.695884967724,635.273019107559
2334,378.01936109598,669.499933098526
2340,353.77323367307,692.743610042886
2344,NA,NA
2348,355.478151771053,652.990346097005
2354,359.937681651378,623.769577542541
2356,355.01369239309,693.832246607832
2360,371.854123932271,633.115130957556
2362,354.181327422973,632.426102644162
2365,382.873416948301,687.79878779613
2366,NA,NA
2369,361.223455945975,676.330549429989
2370,350.232128134405,697.782888835443
2375,354.17822861397,628.696910117801
2376,364.596378018821,649.709044095676
2379,NA,NA
2384,353.732436930352,678.947942789815
2385,348.33204828324,643.808408985255
2396,400.442470427312,668.770535512254
2398,358.78370981213,616.893048692466
2401,356.197948584138,634.697604237773
2405,NA,NA
2406,340.373131772037,710.172091614413
2407,354.705559512553,675.314931898657
2410,376.181859045497,645.996586276134
2411,NA,NA
2420,367.385987936475,632.924053140532
2422,371.752662278107,649.071230398751
2425,400.628780847122,696.767504917048
2429,NA,NA
2430,383.79493391649,688.73446404638
2432,359.325534260619,632.714153608164
2436,349.785776063274,631.111042671377
2441,356.357256059786,687.044812964519
2443,356.998901786954,655.246127712897
2444,360.173828330247,672.858198121458
2445,349.328478943174,609.032142673732
2446,360.505463037006,636.043115548594
2452,365.280767691598,663.373728735675
2456,338.96159984551,687.494264752967
2461,NA,NA
2463,372.253088514669,642.949484572749
2466,361.915079233787,699.573886299787
2469,366.210828722023,656.14142615018
2471,341.694092537113,663.63074796564
2475,NA,NA
2480,NA,NA
2486,NA,NA
2487,371.126885309236,635.639057319648
2489,356.049713470319,694.942010501902
2492,355.45121163512,614.14285357523
2493,417.051087238895,644.931086009965
2494,352.460506213896,617.134350279542
2495,359.768740510058,690.062355123879
2500,352.836127063098,659.998682338531
2505,372.360386601107,666.878499914519
2516,364.75573178299,669.689385962212
2518,359.961128479089,619.689753032807
2520,350.34723252908,641.172426438962
2522,NA,NA
2528,369.289874200082,691.227282220682
2542,377.733433020052,657.985670204352
2543,350.832705642456,653.709228780452
2554,376.818643928126,693.331904772192
2560,352.952159742933,624.924361765307
2563,382.856486551141,698.743671889436
2565,370.749348148736,645.852109162727
2568,353.723855536329,622.471532402681
2570,351.753944565653,689.838495234237
2571,333.101185791365,681.068704082666
2572,379.563267651895,659.852278398527
2575,NA,NA
2579,359.720058617768,633.91161676799
2581,362.515869383266,692.124378821037
2587,357.342012354447,644.207597619903
2588,364.627764821345,631.547690448032
2590,356.246067893992,679.962477302108
2593,360.041727027055,667.167665559791
2596,365.256883904618,622.3422964405
2597,868.382937281169,716.649924132597
2615,344.249653338731,658.358212551517
2616,372.40282749307,661.792621839776
2633,349.312180208373,641.526458868205
2637,360.506650015746,654.674398192239
2640,331.336599848208,598.380039424341
2645,360.934295555049,678.090595519193
2647,NA,NA
2648,353.047576008629,641.097893348291
2650,355.91239636943,686.39383799096
2652,367.827163576238,626.573480581411
2658,383.196627586984,691.642779474872
2660,398.215290472218,708.941907178023
2661,383.595276682681,690.973939460638
2676,NA,NA
2677,NA,NA
2681,NA,NA
2685,367.803723129933,634.702859290953
2686,866.068995307658,692.553469872853
2691,375.683806000584,694.678645023229
2700,355.500821595095,649.770161588385
2706,370.007759539834,704.874888145015
2707,NA,NA
2708,378.096472952306,641.325470390413
2709,359.119191430434,637.003228562704
2710,376.055101122566,615.633880325878
2713,353.988333920365,648.179630457723
2718,353.77143634533,689.828562924176
2720,362.526977982629,653.141977032383
2727,369.697540864647,631.071960052872
2728,362.809685530779,662.328176473303
2730,379.690034787161,698.892665881398
2735,367.124789138152,645.85683409235
2738,366.746346066956,729.479510999397
2747,352.940933245503,659.086842447151
2754,353.139429570725,631.854989816843
2760,382.185101374804,663.006326584829
2763,NA,NA
2765,358.620070587977,704.003238221958
2777,373.021793301352,658.792571161216
2780,341.776147163946,681.646086114995
2788,NA,NA
2789,NA,NA
2802,361.935295721343,651.037353385152
2806,NA,NA
2807,359.078086378769,627.008875365375
2809,361.983161203217,668.13528283336
2810,353.608320973285,673.004381968069
2817,366.026333561684,683.727862627394
2818,369.991999765441,614.536629936952
2819,352.257855057798,631.147953977896
2824,363.754157320753,709.051004792266
2846,392.968161816273,645.778902123757
2848,365.074706059252,648.358079264476
2849,364.097753249177,674.474495910535
2855,349.353887177505,643.56216350037
2857,353.898943723845,653.291672261134
2858,NA,NA
2860,375.436784981209,683.429506084026
2861,NA,NA
2863,334.223232384832,689.444241137816
2872,NA,NA
2877,NA,NA
2883,366.445275036848,635.66719412268
2886,357.981683976822,648.315116734688
2898,357.689990913473,637.356112400061
2899,372.834652883578,688.657631067922
2900,355.083349693716,641.333177196425
2907,365.276442582998,632.129191763661
2910,340.40570751347,647.796269726522
2931,341.564068552022,667.827478075617
2933,NA,NA
2946,363.886013588686,708.178114375822
2961,864.596632501307,712.591369792945
2962,335.551970122914,660.484274632794
2963,351.625532891458,655.006325233394
2964,341.539043003723,603.755410084945
2970,373.779996087347,719.345320137615
2971,332.949749413514,698.67240476363
2973,869.657883371325,703.277076729971
2982,NA,NA
2983,401.584680546901,638.209747627254
2984,353.09688130776,654.487212571012
2987,345.245664323953,693.209343523975
2990,386.48460583832,658.683228054378
2994,373.976991049331,714.221990112254
3005,NA,NA
3007,NA,NA
3008,350.416720004494,618.964494912164
3014,369.168309950534,688.031598180089
3025,NA,NA
3026,374.015498033497,664.3658029181
3037,372.367836655114,701.327936974344
3041,347.79657043326,626.241560469948
3042,370.895731780374,630.769239320937
3043,339.393050470121,598.36040342252
3045,368.284473947459,648.9816068208
3049,NA,NA
3055,NA,NA
3059,345.393700019352,673.960971810654
3060,373.00114273503,653.932483512886
3062,371.39729158777,644.276974341011
3064,362.596421127312,681.078382554225
3068,355.464113619069,636.839882276297
3077,344.859624893945,628.220384624242
3082,399.260744705213,682.27895494581
3084,343.364398832989,641.145602576091
3098,368.864998903092,633.121796031082
3103,367.130378548745,638.095702635146
3105,355.567363747057,660.530426926339
3107,378.262190949552,652.333045858725
3112,369.620522669106,697.685627600189
3114,389.937109496563,653.50639632091
3123,342.92201509218,670.646832043521
3124,366.330027808629,675.095215863961
3127,372.004853905823,687.367459943499
3128,349.245366561601,615.877593448622
3131,338.327497840571,651.898653621659
3132,357.431224420968,633.658434328116
3138,373.746056987827,658.927257940005
3146,402.603647782009,696.53909609247
3149,353.703862181193,626.172601845583
3150,364.551129231494,688.958501320199
3151,352.739718636232,647.067989754162
3163,359.368640038544,653.025211375262
3166,429.873861116478,670.789583942417
3169,NA,NA
3176,NA,NA
3177,365.292080951662,642.89968844651
3178,365.951834303942,647.333805942876
3181,350.063545115811,639.345008148025
3182,369.579712810728,653.64256699022
3183,835.200528684923,711.91155722342
3185,370.659078916753,658.09936990754
3190,371.245756020149,712.755460917279
3191,365.263168097025,699.670693129339
3218,NA,NA
3223,NA,NA
3231,367.181267758536,646.487412163883
3238,363.748607560123,648.98442367623
3240,323.54690151417,664.998888312899
3242,NA,NA
3250,NA,NA
3251,370.432934776469,653.477703613432
3262,NA,NA
3263,378.948310350583,651.719090911645
3271,351.988369368853,690.846277553151
3273,380.181017534677,656.885985324498
3275,346.997190514914,660.258178573288
3278,345.142873335032,690.635760189155
3279,372.839983217573,656.459146569173
3287,352.942998064687,646.80558961723
3290,353.518132332754,682.287576749773
3291,NA,NA
3295,379.807793746299,682.584194946246
3297,365.473645222672,706.671235276392
3298,359.386692767097,638.168805894093
3299,356.770320734372,626.126812830657
3302,364.947647946234,673.453095158125
3303,NA,NA
3313,NA,NA
3316,NA,NA
3325,356.337875643051,650.05372808244
3329,381.185501462236,696.228751047521
3332,340.898161630875,595.723633164282
3339,NA,NA
3343,369.178199100488,639.341085402602
3350,NA,NA
3355,355.083152255458,654.572660812674
3360,872.459841086517,725.454167782027
3372,NA,NA
3373,371.971353995282,672.74521467624
3375,362.044761713727,667.028888249769
3378,352.978351291844,673.72689736708
3379,360.431327599028,640.406989176985
3385,359.945931798944,667.470910892222
3392,339.909506738901,662.027074163664
3393,360.316648270898,671.179339548815
3394,NA,NA
3396,370.985337556571,648.934695766273
3400,381.450548964489,669.851650701104
3404,360.513866150993,662.112823045117
3405,367.079839156437,665.620382275453
3406,NA,NA
3409,332.854825638461,661.153999008347
3417,NA,NA
3419,358.261461000908,689.290106577395
3421,NA,NA
3425,358.876425903723,662.128306483419
3428,367.986362319103,652.966143619129
3432,364.28548064845,622.097520419221
3445,346.036993809407,695.241767017282
3448,352.094216037105,672.518420305826
3450,364.739848123581,646.794898328152
3452,362.704702202852,687.082355411148
3455,369.360171323163,687.263096282197
3461,NA,NA
3470,349.531790834948,687.582073686197
3477,351.066865499948,687.727777426338
3478,370.990029778019,639.676386549909
3480,350.832386102133,658.617050241845
3481,344.072387613751,652.006374453058
3482,359.943401488623,637.383811685015
3487,NA,NA
3489,354.105091998951,661.370742648532
3492,356.763894596057,657.283390352445
3493,NA,NA
3494,358.743070299295,652.984687011587
3496,360.430213814341,638.022518700335
3497,355.400675389054,675.483498625927
3498,NA,NA
3500,373.65114519494,682.017177878386
3505,NA,NA
3511,367.555850481305,652.327261737008
3514,NA,NA
3523,341.189860930814,633.405759813947
3526,NA,NA
3532,374.35739895824,675.597672927066
3533,357.647221660189,668.654246165553
3535,337.248245070414,640.506067859886
3539,NA,NA
3554,354.712715117495,684.1139980778
3559,365.839184563024,686.786842366768
3562,353.023308710753,650.249842850315
3564,NA,NA
3567,369.204280174262,666.91430819715
3570,362.496153330192,651.852491374811
3571,371.585962411455,644.260128644403
3574,NA,NA
3577,348.332520750049,666.277475710294
3579,360.145925709906,656.129614832166
3582,375.315485352849,703.622229103888
3585,367.166678542362,677.796902865009
3587,357.869895382998,657.491996259621
3591,348.899820932366,609.008027404389
3593,354.894916461919,622.735508397802
3594,NA,NA
3595,367.97914508434,648.414333005786
3597,351.211783399568,630.28447777569
3598,377.358971353225,663.041981766213
3600,339.492046666886,619.245653432054
3602,350.610298336477,661.019246465137
3625,NA,NA
3627,366.902711925078,676.602384178143
3628,374.877053077583,679.338386790949
3630,351.393666226581,679.675781882551
3633,360.386562797948,691.545995849726
3640,350.045663066634,608.112558054032
3643,368.286226135651,661.839754939737
3646,365.851922896667,689.713794378259
3649,356.289578862615,647.725135212436
3658,336.819955690888,680.855565772098
3663,363.801463880535,655.67269812338
3664,374.446763631192,648.30432094224
3672,NA,NA
3679,360.817684797233,668.531532867228
3680,353.618754359516,692.103342188888
3682,360.814097661251,638.251927503273
3683,368.569979988234,684.650454927257
3685,361.194742238392,688.101189723159
3694,NA,NA
3697,360.637782649182,679.481811899758
3701,382.805568374832,643.777461545055
3706,364.998288145178,701.793988550979
3716,366.770275039795,718.227319798383
3721,395.762831980125,677.018167972558
3722,352.797147263344,612.336825928839
3723,363.089297651285,680.695304462851
3725,372.859049510336,654.44623467202
3727,377.205070510499,699.559538050936
3731,372.674589747584,637.529311408832
3732,372.883192325534,645.630179690657
3747,389.76570940591,649.074629855039
3753,369.094419112036,646.355553249255
3755,365.578063166346,657.121727525002
3759,393.495683126863,701.09745503143
3763,385.404915933494,636.732596866057
3764,NA,NA
3777,NA,NA
3778,375.704416075705,641.022367653593
3781,364.476092738483,700.598449824913
3789,367.840318420071,670.130411395699
3796,355.635569760943,645.343004901174
3811,355.85339762174,641.270880511511
3816,NA,NA
3821,NA,NA
3824,331.194808265749,655.804852740182
3831,343.745098936959,622.997210298177
3834,NA,NA
3836,372.660260025486,659.974256336241
3838,344.755700994329,682.547544355781
3839,394.759226684235,651.558047517414
3843,341.70119295849,651.188425071085
3849,360.018272916581,652.392592218216
3855,360.937949202339,658.125923840478
3860,369.930764507908,640.096156115769
3861,352.270555191105,654.860502592433
3863,357.917652442784,622.416388918541
3865,349.655463486886,685.687237882933
3866,352.431896439836,679.482622717187
3871,355.171560636201,679.215171550895
3884,352.945176092948,689.082016024282
3888,372.804790370306,651.236625589383
3893,348.619479486972,677.315733704704
3896,383.113238238475,670.920696922428
3905,361.157223112968,644.137301734196
3909,342.320688021024,670.694743607226
3916,NA,NA
3920,NA,NA
3925,371.480200411862,697.420063053149
3929,376.577933586496,683.61238307121
3931,368.343054700113,645.756187976814
3935,384.291520723646,660.6380723468
3937,NA,NA
3940,342.154256460761,689.312939556459
3944,348.977411275979,673.645632762899
3966,359.6900127473,666.766128391009
3970,392.298605471153,684.506662777901
3974,405.975067777754,672.95164376923
3978,865.683852952763,708.091872065664
3980,853.178239842892,693.071416101922
3981,NA,NA
3993,354.431914925688,650.171034186722
3994,352.893868473012,688.687606701586
3996,349.924091122137,621.870734537362
3997,362.555382031624,664.385804299762
3998,353.842707581616,637.711650524788
4004,349.882755423266,671.87835380764
4005,NA,NA
4009,355.92268448557,653.308376665855
4014,368.704206959905,654.397596071242
4017,365.36600333882,665.282598775423
4018,360.259284588884,624.31249347928
4019,346.015567381947,627.280678585751
4021,367.921387875221,692.256807087807
4028,355.054901832567,631.965405898645
4029,361.317389090554,628.95898292351
4033,356.050554137072,678.905930904671
4049,371.235701998855,643.772077927754
4054,370.233151164434,636.723985036437
4067,372.927540257828,655.579842856469
4070,349.071281943569,634.554181623423
4074,356.194574645919,626.846397923789
4076,358.668557127978,632.738557598009
4081,NA,NA
4085,346.953005040592,683.959634462423
4093,354.778289853265,669.604846351647
4095,NA,NA
4096,355.041558677318,620.598194114673
4098,356.720835278429,686.770965251507
4102,372.301421237157,699.477124754895
4103,385.097413433895,713.758471616599
4105,360.224956221721,695.762986079548
4109,365.797122369106,636.850544404643
4110,365.9249560646,639.4566214386
4111,357.552837520952,653.605150240946
4119,NA,NA
4122,NA,NA
4123,NA,NA
4124,369.154647358551,654.451017844681
4130,364.402238062655,643.856228381724
4142,373.403969111975,616.386813378981
4145,NA,NA
4149,337.971074254061,638.836190448568
4151,338.652935031837,688.583630158617
4160,367.086810066662,685.423168010289
4162,378.458953161007,700.695146595484
4163,344.721884533498,650.538474488534
4164,408.020169050356,683.900824161757
4168,351.114431342764,689.421371784
4173,NA,NA
4174,NA,NA
4183,366.73175603825,667.062945053318
4188,366.88428419895,700.565353879559
4189,NA,NA
4190,356.883195471751,614.270368879674
4193,389.412841982457,675.864599750079
4197,361.298136581687,672.187952522078
4199,341.02527705575,643.850907206128
4203,347.812125458375,687.323695287002
4207,375.436189147173,679.529500270286
4211,364.992174001875,661.901804515038
4213,359.748050440718,670.002008015973
4217,NA,NA
4218,357.149676817055,621.406527143536
4221,354.125361006899,684.81387413406
4222,NA,NA
4225,357.558091428902,681.851289516537
4235,372.493356158273,645.935919289483
4237,NA,NA
4240,369.817890061629,691.091515732048
4246,353.616731022957,649.579611872477
4248,NA,NA
4255,362.403471822692,735.582106661363
4259,355.225686087432,715.001018150983
4260,365.327318652963,636.231887360417
4261,355.504367765408,676.068422575511
4269,867.318605155088,711.097160589174
4270,397.02262414105,667.18258179312
4272,387.105340611585,688.463525352196
4273,NA,NA
4287,NA,NA
4289,NA,NA
4296,355.811668344416,655.701803622017
4299,345.148735668235,682.475398625432
4301,378.167079498401,685.492503247739
4303,363.545327326004,679.355124237799
4304,NA,NA
4310,367.994543756386,677.571924301019
4312,349.468346859138,684.044618362263
4317,365.161431892516,624.590520301135
4320,352.25450327005,668.84022687551
4321,NA,NA
4322,362.794038134355,680.174912534126
4328,357.034045323236,647.792124671258
4336,362.808590634144,679.968858294777
4337,376.074495730279,684.135473274784
4356,375.330447090659,705.152975658642
4357,NA,NA
4358,373.136578360183,659.685914315155
4359,384.86218234278,641.291462081874
4371,371.217988584244,701.104797272189
4372,NA,NA
4374,NA,NA
4375,374.093203002743,709.961411233495
4380,362.145692924922,665.078889772931
4386,355.643511437448,689.880269683767
4394,358.584577543773,675.506148757128
4401,347.132766113817,689.315510506632
4406,393.400384219394,676.021515947901
4408,371.275260145037,656.956298008984
4411,346.887750764753,664.361931417281
4414,NA,NA
4415,340.489337972832,644.022030498726
4416,336.777007534198,604.453528129283
4418,342.617513611759,709.068171319815
4427,360.478934982344,702.577353661211
4431,364.4442670551,649.161516560879
4434,369.819418401346,641.335368510672
4436,373.36864495717,714.207602371324
4437,368.341424846008,668.951347478539
4447,368.019858702921,631.838570436979
4451,340.327182656617,595.175925485415
4454,365.740939330798,724.205540168057
4462,364.018564091266,666.655241177193
4465,871.694772266139,698.377199966932
4466,847.354740403206,699.163129102271
4467,861.839756244781,695.295036277333
4468,364.389236788618,637.363916384518
4471,363.27801750559,636.654031401873
4477,352.986417579157,645.191307151873
4480,368.864798529325,657.883119652759
4484,323.188273983437,669.887091760314
4486,NA,NA
4491,NA,NA
4492,352.241355028701,634.818306186278
4494,355.579699743209,638.962951632542
4498,349.565655766393,651.865429129291
4501,354.263115549346,650.059616527235
4504,385.424838695215,710.329318927298
4505,NA,NA
4506,375.576129236778,652.9724018446
4508,344.977893186848,631.915344729006
4511,NA,NA
4514,344.591058982271,701.670897873286
4518,365.733905825457,660.787582608911
4521,356.337593460783,667.413625539628
4523,NA,NA
4545,367.319413320905,634.522761771162
4548,324.712327951179,606.16142936712
4550,NA,NA
4553,NA,NA
4554,NA,NA
4556,354.150408841675,627.699242291425
4561,338.592981721654,660.902554180793
4564,NA,NA
4570,360.472858357738,727.67517550906
4573,NA,NA
4577,343.465055389675,701.146907430427
4580,NA,NA
4581,NA,NA
4583,362.646025037758,628.541422077047
4584,NA,NA
4586,361.764243993668,656.242981889167
4587,365.366696123898,701.086566451795
4589,365.648224827909,642.13950905869
4591,362.714690040943,655.354507310681
4593,815.272116765742,674.416650487444
4594,380.929049579362,674.716000614853
4596,363.61602858792,635.539367822133
4601,333.751183186487,646.072787376511
4604,381.828325465629,685.1383127564
4609,377.766202974825,684.980523353292
4610,374.148452132396,635.848733741993
4611,370.329123809299,671.525323678494
4613,360.929771160795,629.517578805794
4614,363.075390466284,683.873858139188
4626,361.866028813466,685.622655275303
4628,362.428888707575,660.397123661441
4631,NA,NA
4632,377.136535836301,682.879039420856
4633,361.227228062854,638.589866782132
4642,377.919744072453,672.033780361828
4643,367.394360927067,635.517885855872
4644,852.066272715633,708.542557727675
4646,370.564374634872,630.327703713104
4647,359.940528561509,673.794486157696
4648,369.112366880999,646.345145573706
4655,367.804921359826,657.475643096908
4656,NA,NA
4665,355.209043933925,661.31551175667
4666,349.02263129619,725.763184759361
4667,366.642505594685,673.51224633624
4671,358.052499689564,641.497084287001
4673,358.545730500062,643.394420047837
4674,354.926209272518,625.380404036727
4676,383.480649692418,671.199030550336
4681,321.607748324249,659.390418320792
4685,345.245043099718,622.44533196696
4693,360.330460142037,678.153243236494
4695,351.701671844646,656.18102070661
4699,367.267253413857,642.481315348976
4704,366.349067217162,640.503824682621
4705,359.11473802829,649.36923294655
4710,380.266043675626,673.400774003874
4716,370.349224259624,654.44507780992
4718,NA,NA
4720,NA,NA
4721,345.212820265972,616.781972539125
4723,359.644241347925,625.016577720434
4724,372.449252072853,636.722679527705
4728,NA,NA
4730,334.09807769005,676.097053032482
4732,396.769052125732,682.538698829667
4736,364.637653020916,643.178543329006
4737,391.093874582296,620.253823537935
4738,NA,NA
4747,370.703985953773,660.399927978822
4748,357.966997157264,662.056015728371
4752,348.219069265309,677.735412654437
4754,NA,NA
4760,374.318175935989,735.964018753183
4761,366.705301956887,660.948912502937
4764,366.777574824836,638.100982128919
4774,358.831096772293,725.122034611983
4775,368.407569404183,634.110555166991
4778,365.154862161232,673.590333498254
4779,NA,NA
4783,347.37660139748,678.404642170328
4784,377.035071652379,664.382839059684
4789,354.299769060594,616.991013348863
4798,352.046086050321,612.172436436648
4804,358.970531902752,657.642925687076
4806,379.57100027171,653.93554621573
4812,374.954281654642,642.511697625977
4818,368.988298435124,635.066250029498
4819,359.781848903017,630.556575249882
4824,362.737275738672,659.788192217102
4828,363.815293590847,653.800561463709
4830,354.627493274175,706.508753236511
4834,NA,NA
4844,NA,NA
4846,367.238421244952,683.261324752592
4849,373.157439620035,669.655616583264
4853,341.443053482782,640.925348736
4857,NA,NA
4859,377.826051670619,656.867827843882
4860,351.473508940171,712.156126899448
4862,367.795870600244,663.639941002563
4870,NA,NA
4872,NA,NA
4876,370.625583317215,659.2791934192
4878,373.103303292215,655.685402650947
4886,NA,NA
4888,NA,NA
4890,354.682247134364,714.216169852227
4896,368.616512195029,644.300502095528
4897,363.873730803546,691.290979223532
4911,351.61601509436,650.706898151138
4917,359.031895717818,665.766690065835
4928,377.023091772044,674.022075917776
4933,NA,NA
4940,372.934200421642,670.976375114462
4942,NA,NA
4943,330.236123410148,642.899196664463
4949,380.962074438097,653.074022644653
4952,365.278602920873,691.036201734005
4960,373.300272422239,636.250101213172
4963,346.749198642243,692.557816565027
4968,356.577891891473,649.392124790001
4973,NA,NA
4976,373.955933577984,667.604994402068
4986,374.753756468534,679.969449133849
4990,390.459186097247,705.57536145526
4992,394.394178565724,666.033973741707
5009,368.458690969401,684.792087331197
5016,875.287651095886,707.663656026318
5020,360.480662089303,654.380451750167
5022,364.980403663343,656.768232838352
5025,NA,NA
5031,NA,NA
5035,NA,NA
5046,370.115949928328,652.061853917339
5052,372.722542217328,711.85248895992
5053,366.294404531322,693.174615507546
5058,366.78684755943,664.858741267258
5059,354.411981874608,661.834466672766
5061,345.102414704257,633.619646852447
5063,383.570475735773,664.323966527688
5065,352.308748571647,703.161840301754
5072,364.713719500866,633.710348876078
5079,358.976481020806,666.843249595098
5080,355.370649813256,661.005777073476
5087,367.32537432878,691.326335698748
5089,373.53480106096,662.79516762084
5092,363.948165284842,673.878461189265
5094,NA,NA
5096,366.115480776283,702.889375782274
5100,386.765487578552,679.965988779289
5101,379.520902660319,691.964827313074
5106,376.656714757881,680.652124684013
5108,344.430223863649,622.002089729838
5111,363.138583401477,642.978163393111
5123,364.750543909043,646.938294547086
5126,382.833683967465,652.854071273751
5127,355.128649665544,670.115922293974
5130,352.50457738746,688.964987007136
5133,NA,NA
5136,377.051822770495,679.717448352492
5140,363.755199315162,669.192809561341
5147,NA,NA
5148,362.097506767555,672.750078326197
5149,NA,NA
5152,360.973779903434,667.739917495512
5153,363.921422542861,686.7289755577
5154,366.855797678188,666.253722594723
5155,358.783921086262,686.702751049846
5156,351.503985348658,648.559728040731
5157,374.866194172882,661.158169256872
5162,376.78016277749,706.178002935726
5169,NA,NA
5172,381.481890427994,666.0207128627
5173,356.096090905927,626.021851347228
5177,NA,NA
5178,324.989168782605,654.374146487387
5182,362.745577152324,629.981874192671
5186,368.218217494257,682.235365674284
5187,366.770095384258,653.397992491035
5205,NA,NA
5207,369.349200120802,702.740039641189
5213,362.37111105813,677.947473021099
5216,377.171004145598,661.4372406821
5217,352.363044823552,681.924256581184
5221,NA,NA
5224,404.177345925044,684.452305394048
5225,356.465187104498,713.807643327191
5228,366.668508582399,700.987453543221
5230,360.990131820432,657.764609182117
5232,373.940025402163,663.810259934572
5240,846.225317481519,689.158239504427
5245,342.012397423827,646.391419817173
5250,850.157481677485,706.213477926656
5258,NA,NA
5281,NA,NA
5284,NA,NA
5290,361.498259302064,652.769884792895
5300,353.624599563659,664.263320788801
5302,376.936598393873,638.953271717577
5311,367.201845336644,666.60816723425
5312,NA,NA
5315,381.092905057582,619.178648148258
5317,373.516933481507,644.733427521607
5319,352.897938827058,633.354490686677
5322,376.230069806821,682.400133459432
5326,371.986846929638,667.106242142355
5327,367.521126374867,702.574897309418
5330,357.191865176531,620.691225363094
5344,NA,NA
5347,NA,NA
5376,367.6044911301,629.654789312772
5378,366.463488407914,642.1959710932
5384,352.747151611485,626.426531853016
5388,378.862883343887,679.275391667736
5391,380.335040053804,651.932931879244
5400,378.499269469768,665.109738216934
5403,NA,NA
5405,361.941635682626,624.461071010233
5408,361.943816158142,655.210590556219
5410,NA,NA
5416,NA,NA
5420,342.41188378433,606.029032248679
5429,356.62634011852,698.948665385812
5432,NA,NA
5436,352.160630564478,650.98889059407
5444,366.374171380436,632.426438006626
5445,NA,NA
5446,345.993346101501,657.069600004004
5451,351.123191812968,621.094620209755
5452,NA,NA
5454,342.512757414048,660.162463043519
5468,377.339964259024,647.356437010179
5469,358.838724269351,710.536860489886
5470,NA,NA
5474,370.20092314358,658.239787791702
5476,350.653876364137,663.728193165061
5479,343.124275686475,639.151791219358
5483,360.458774587033,637.03437479037
5489,NA,NA
5491,361.01009461229,684.359439145539
5492,349.828484674862,692.285497329617
5498,372.570312831273,672.795425796419
5501,350.217489790554,646.79143377772
5502,370.557779535673,652.325007686299
5504,NA,NA
5508,387.224378117199,693.580823143901
5510,362.147228376919,629.686837621462
5514,NA,NA
5515,358.015141559471,664.185200857579
5517,381.977063027377,719.532678347946
5520,347.138009678123,649.373066249524
5525,343.167170641593,680.373896125709
5528,367.079987327508,649.599964656314
5532,366.931766718775,630.404113539592
5535,367.71090468025,671.071239770355
5536,338.266309759996,641.050436324393
5544,872.63831310931,703.706388310281
5547,363.595164007535,628.789279557362
5551,362.931116229311,664.23476026574
5555,378.947728903493,680.147485290852
5558,361.983079632898,707.952472692338
5559,353.08999668527,650.539707045725
5563,369.759329383032,670.804360638296
5566,NA,NA
5571,NA,NA
5589,361.504846256786,708.571497627556
5595,375.254136069439,635.119582821537
5598,381.174230832691,656.079472704696
5603,377.145481218623,649.370123363389
5604,354.64863427605,613.663417607681
5605,353.678805218401,633.378418280199
5613,358.64009131932,702.718645501051
5616,376.055124835957,717.390066674863
5617,NA,NA
5622,365.113610302012,639.236021231438
5625,385.925935208866,695.639511799519
5626,364.758505893667,649.125431934953
5633,358.86757803841,663.364090089505
5638,365.403350784021,685.844529818636
5639,374.203399208305,658.222311512564
5640,378.491082154733,690.923942447976
5644,NA,NA
5653,375.005196597551,668.511595419521
5660,NA,NA
5668,361.373708301621,679.585381310381
5670,373.163479035525,654.3454697901
5671,364.3759645175,665.688280958921
5672,373.385994877482,684.856803953233
5675,349.2939231704,753.056870343778
5677,342.072891651729,675.332389679674
5679,NA,NA
5680,344.433617299245,631.000037629122
5681,366.208504678487,722.94503292045
5687,372.411427945457,632.640334759099
5689,NA,NA
5691,368.770121981387,643.902053204986
5698,371.956650951116,652.476859679933
5707,359.938976511649,616.586640616651
5716,384.031488641119,669.424550076812
5717,382.554425344345,704.372450224799
5725,375.838742082759,651.7353508341
5728,374.605978081968,639.839106538299
5731,NA,NA
5746,350.285042186385,698.261028516049
5755,NA,NA
5756,362.337686648117,689.347613030399
5758,337.12657989789,641.070779406729
5762,359.863637022851,629.631654423868
5765,347.299228687461,654.631869879171
5768,368.44645339655,656.811962853606
5769,341.450203279951,625.398780972456
5771,839.991077771431,671.898557561092
5778,360.533042115517,677.855603835222
5792,348.409043062821,685.337336505269
5793,349.6289931749,628.896842142174
5795,330.849955064506,709.302618881291
5797,NA,NA
5810,367.728998402781,716.97576421484
5812,367.045785375144,648.837520433276
5813,359.175053597934,649.909116878701
5814,358.139364121062,634.133059772636
5818,356.784718330907,665.439652673776
5819,837.354816164941,658.917216144365
5824,373.991764198064,676.770140229803
5827,355.130125952972,668.07402792502
5831,NA,NA
5832,NA,NA
5833,359.895631785998,709.775430766434
5834,354.245794984407,704.971267569246
5837,352.203441171135,684.338965885812
5841,NA,NA
5843,349.907086127918,682.829488620374
5847,380.935982753413,689.211670185554
5848,367.882453694081,638.823264831358
5849,407.452350379398,664.557310600383
5850,370.05379433719,638.338884514123
5851,382.51446485111,677.813781497519
5853,NA,NA
5854,341.492000458376,602.611753052819
5857,NA,NA
5861,374.80966215485,677.590467275535
5863,338.602034213963,628.780074354238
5864,352.219539913954,754.127902518703
5868,361.884431298619,657.717365792262
5871,349.988284632456,677.311310357334
5873,371.063120309719,671.687979699632
5875,366.439574444821,664.200316538799
5878,369.778437151156,632.136141263827
5879,370.498363559781,704.310602419344
5885,359.451755613492,692.633759196571
5886,363.05219950417,638.276738379048
5889,382.233322272443,686.792698748915
5903,NA,NA
5906,356.828708933515,671.006482849404
5917,368.308395463384,643.205888067323
5920,375.597141860092,665.622038432963
5927,355.92489484217,690.770208875348
5931,NA,NA
5932,375.614398620302,695.646251904523
5935,364.555157968066,639.333032522703
5944,370.280087486427,665.04631683562
5945,NA,NA
5947,345.838165297154,669.762076261482
5954,372.082671883076,655.356153148229
5957,352.700189651686,662.921187348736
5959,357.859361104757,682.25035945025
5963,362.270040922774,639.163447209854
5967,355.225028369045,639.168547687947
5970,366.836074686172,655.442061638448
5974,354.48655380581,657.804264244989
5977,352.379862274639,675.458807942072
5978,NA,NA
5983,359.118664097719,713.517038262314
5985,379.939203046355,717.870797562687
5986,349.062444194125,636.547531805776
5988,372.129712300608,671.151979985791
5989,366.958964293101,672.661501137362
5990,NA,NA
5993,370.730948512143,652.530122333181
5997,NA,NA
5999,368.492609283467,658.176290911968
6003,NA,NA
6004,NA,NA
6005,344.585680136624,619.965590126549
6007,344.082751248044,631.383857727681
6009,373.917959973543,650.414582837765
6011,371.267123532263,680.603910371111
6012,365.317998438191,652.856076153
6013,356.173319386692,624.832201846036
6020,359.225382966383,634.531858770563
6024,360.720878732777,651.34235408791
6025,360.4506842415,672.044186839232
6029,356.9906708259,659.814365336409
6031,351.436695574092,620.445446156584
6035,347.011019467171,605.964726512248
6043,403.233613672599,654.663039670208
6046,NA,NA
6049,NA,NA
6050,360.744325754683,670.164507517676
6052,374.978751767706,653.278204122096
6061,377.149708920447,630.153398120862
6062,NA,NA
6064,353.875215078776,683.179235237913
6068,375.722795727205,656.548757550872
6069,352.844891172853,719.25446403893
6073,NA,NA
6075,377.071948230494,646.352748630444
6087,351.997232640313,652.057036267913
6090,NA,NA
6099,352.611155539663,648.911950021233
6100,364.510477923104,688.86324582338
6102,349.33926641805,613.133243293262
6106,NA,NA
6108,355.527005086834,705.280953230934
6109,368.689852908248,652.443715947292
6110,356.339640749714,702.364922403263
6112,374.695874001421,661.554814953889
6114,367.69931491972,628.814285561036
6117,358.595039099094,683.628020577836
6120,364.049299009093,643.152978476008
6121,358.84367925586,651.610551201338
6124,376.833499432903,676.600071349017
6128,360.063329175159,680.066887844555
6129,NA,NA
6130,338.94691033588,634.442775432431
6132,333.256760604085,647.921595916124
6147,360.626827516272,698.970623026228
6148,NA,NA
6150,352.591956043274,642.959589782521
6155,363.667219117932,627.649262234752
6163,355.122979390869,652.51621591862
6164,379.402535100973,735.47468710702
6165,364.005836734405,652.498536734604
6167,362.654470172717,649.329185092199
6176,350.356018540022,621.030989328735
6177,NA,NA
6185,360.861748411969,626.636344942709
6187,354.798969526924,629.863817177894
6192,364.806319270597,643.722745827315
6193,NA,NA
6194,NA,NA
6195,355.386396079676,683.960965659241
6196,NA,NA
6197,345.201648744835,668.70018637082
6208,338.312821320298,618.198765739135
6209,352.074113335298,634.206997248889
6210,360.505190391097,633.708622807213
6214,NA,NA
6223,345.509642719733,650.096668771318
6226,359.608278483554,651.269864627517
6232,356.727996757387,652.339770833818
6236,348.311240944628,617.287157910701
6238,396.629911253982,644.582783420696
6248,350.544635106609,672.472692992395
6249,381.769035391754,649.449347006696
6254,369.893701742613,641.698016613252
6258,350.443505932955,674.710139575124
6263,374.985718995828,657.066377752968
6264,362.188648153912,673.371493186646
6265,354.235845618928,666.819499107398
6272,362.474889418914,646.465623781519
6276,NA,NA
6281,355.659401427993,682.872309404617
6282,378.954744100528,692.002701432933
6283,NA,NA
6286,370.434817578678,653.329456235867
6287,359.831103509654,632.326454470935
6291,351.898524036415,628.794898168495
6293,NA,NA
6301,372.799860780036,680.445441146896
6308,373.242091379962,675.157950726504
6313,359.072476513075,673.432950836664
6334,370.841547651175,683.461704463867
6337,354.805540567221,666.835375802548
6339,379.465989357062,679.120723707233
6340,366.821166022362,678.671043862734
6343,378.669673618573,644.995505188573
6350,389.605537177478,685.654271895605
6359,NA,NA
6364,375.841098772599,631.52324568875
6370,353.877317635727,637.632240927225
6371,344.683403726959,657.648758207399
6376,340.235209633643,617.934345886242
6377,375.439983732981,684.296384185575
6378,363.607196648772,650.047744522941
6379,372.31073132995,673.088557470727
6387,NA,NA
6401,NA,NA
6402,360.315025815594,709.162113758428
6409,336.353634525846,655.602627407446
6414,NA,NA
6415,361.637860126819,651.755108208631
6422,NA,NA
6426,373.298003070763,670.059890050749
6427,363.432711764852,672.831433993663
6428,NA,NA
6438,NA,NA
6439,367.258547230832,666.646898553621
6440,372.075045956731,643.791926657265
6445,366.644465692076,632.041837348875
6448,362.732631036764,660.568584870679
6449,385.673461563047,679.455320421922
6451,351.985778494214,627.682697899605
6461,NA,NA
6462,NA,NA
6472,369.420182220385,676.624290304377
6479,361.218786765685,682.703952637859
6482,NA,NA
6483,NA,NA
6489,366.62072783563,628.708287006016
6495,NA,NA
6496,NA,NA
6500,368.791426341297,628.96179913524
6503,352.763261882729,619.930769830703
6506,360.274458760261,637.130422084484
6514,354.882969527051,718.443700417636
6522,359.288550434676,648.664121598099
6524,381.342155932569,686.124188817942
6533,380.036274152295,678.292481471031
6535,353.989561491559,664.843212716078
6539,NA,NA
6541,381.778249875923,661.298110458379
6546,363.900554200778,649.923049704421
6548,357.080581672873,674.787183982888
6550,375.709320026912,664.478129602888
6553,NA,NA
6556,352.145039809718,652.677123329801
6560,367.123639011436,698.814115220802
6561,362.748662447616,685.967629233854
6562,366.394928027343,704.707501205193
6578,374.77903187696,686.510552575735
6588,358.893046490973,664.826225876686
6589,381.815709851311,676.168204488561
6591,365.556331427922,634.006196870726
6604,349.812874104353,704.528385502285
6605,378.031581493985,660.783040102586
6613,352.816935788452,628.221871082995
6617,NA,NA
6634,364.912530817552,631.648651781771
6636,351.572506438095,644.978549659204
6637,353.629630975849,634.613057713099
6647,369.505761726746,641.089984082014
6661,373.240960180706,659.161396043265
6666,353.456386268541,680.598550754983
6675,368.206316163905,632.195561521374
6678,349.255524598371,716.519012811715
6681,360.786404309691,642.042858445249
6682,351.828174249121,671.574904424491
6686,369.802789598171,628.648251099978
6687,362.851535436728,699.227511479586
6688,388.729717555045,638.601413708338
6692,376.776460123095,698.614095549577
6694,847.311257352753,775.817239201128
6699,349.155069208473,620.533496411047
6700,353.334638195211,654.240202155235
6705,371.13389019279,678.877812537956
6708,NA,NA
6711,NA,NA
6712,NA,NA
6719,346.134307816769,638.946947627051
6721,395.505717093879,686.377454979214
6723,860.641306863982,700.858801712451
6733,371.366783522556,674.945413846525
6741,345.043970700669,676.887238721095
6745,338.589351048008,602.957076249751
6756,348.740493797972,696.944054219572
6758,370.528581359422,614.658055432192
6760,352.820185272662,663.860250309976
6763,NA,NA
6771,368.668408445418,666.7445057714
6772,345.59378508751,644.555435357468
6781,368.864576912719,649.480248033855
6782,NA,NA
6783,NA,NA
6788,392.581541612778,650.210705721404
6793,380.546940052242,657.317140548983
6794,361.904668045739,650.165979545425
6797,NA,NA
6804,369.773988019141,646.292154841731
6806,365.485072983925,708.789974264305
6808,378.905183491067,655.647918240102
6809,358.162375726673,662.834310304592
6810,355.074285726722,671.940416715512
6811,327.373121225665,680.721763073897
6817,362.140975206414,671.309529153347
6821,NA,NA
6823,353.207791256959,659.588112893888
6832,373.041139224555,642.428571485535
6833,NA,NA
6845,348.548772821319,701.759444147718
6848,364.177161129557,629.198684235122
6855,354.258321685518,631.571368176793
6857,383.487957030892,634.375640783721
6858,368.71079340095,659.340264373398
6860,371.121415909901,647.923549472386
6862,359.522610808754,629.780344821525
6869,NA,NA
6876,346.316306939295,676.08838894019
6882,387.198871651316,684.381134888034
6890,NA,NA
6894,359.530512533996,636.219603483723
6914,370.047418533604,657.5100269667
6915,375.343800351923,713.461531047795
6917,355.840240084125,672.084723557712
6924,346.800028276036,688.502210729287
6925,379.172615169343,682.095105721101
6928,NA,NA
6933,345.966548149259,659.332658458977
6934,364.793174382705,707.553042175908
6942,352.443548002271,645.527074802001
6948,360.084848243018,672.481433314124
6961,353.671652122646,667.145518934344
6967,NA,NA
6968,374.046196281299,665.899261829211
6971,366.151309576671,630.067376129562
6972,NA,NA
6976,NA,NA
6987,366.549770158813,625.807063482736
6988,389.554430524416,645.847398672291
6989,364.046982796477,661.825863893621
6991,NA,NA
6996,354.28965110036,643.399786664976
6997,380.803596120022,697.951324488763
7007,348.281100385924,632.022207783564
7010,363.886055175539,641.287413651512
7017,NA,NA
7019,372.473923703667,660.95860018464
7022,370.515165239302,635.135460538906
7024,367.671682296465,629.401597197918
7031,368.044110423472,722.023883363143
7033,369.866569048866,671.245756003452
7036,342.435961867882,716.384954766701
7041,346.241489987142,649.278841801856
7046,364.745592001182,693.259186986599
7049,384.649218313327,626.838652702078
7050,NA,NA
7051,349.910408059074,658.965739726426
7052,355.073615081634,692.073540468146
7053,352.230016876161,646.276628976417
7056,355.964762237945,631.606018484958
7058,343.00540437555,678.717347423824
7061,343.435976778568,652.520836927287
7064,NA,NA
7065,387.101954702594,657.180063094723
7071,352.455344173345,641.836662818175
7078,347.407737638242,673.160635155196
7079,353.320530625391,662.001313274373
7082,376.630708696861,675.576451724687
7083,365.414244124663,663.389315409562
7087,355.355663740617,696.808652400851
7089,354.279736288672,652.98438318758
7097,380.119916485934,652.857921850692
7107,352.473501487856,686.811200256783
7110,353.505097057377,627.383083393419
7112,358.718425357618,663.817885992825
7115,NA,NA
7121,373.777218655354,653.817891786585
7129,338.631553643094,655.790145589022
7130,356.815217717267,652.372203283818
7133,351.061044079974,710.634533801352
7139,363.096544569111,705.566043119936
7140,363.679928732954,641.042547374363
7141,361.807774571944,661.606438076976
7143,372.647767991774,641.980103828296
7144,374.153327731594,651.579933903221
7146,372.007536062135,680.956895382525
7164,366.500757560776,639.079329002512
7175,360.684374916828,620.405692964916
7181,377.619574922583,664.886245460133
7182,374.297889882348,686.779730431625
7187,355.584024174126,672.789652769314
7188,344.225867976977,717.247138787453
7190,867.17190331551,698.208479971686
7194,373.327856925241,648.685712560181
7195,NA,NA
7196,362.893472358975,692.136501813976
7203,NA,NA
7208,365.915277500617,679.792271213097
7209,342.574312645017,611.213941453626
7212,346.015460098242,655.079756725914
7216,364.365394007677,631.354436343863
7218,352.336985562383,623.334250031062
7222,364.591613146203,658.912394054194
7228,375.316846348979,661.045414529088
7230,364.476024806445,654.934878543446
7235,380.969360902927,652.821313652258
7236,380.344694518445,693.901311379366
7238,NA,NA
7240,375.06087102421,647.486548571605
7253,361.603403194569,623.112478480533
7255,378.534356205394,672.832234872006
7256,NA,NA
7261,362.278211124822,623.658279199658
7266,329.098203777207,599.527183830301
7281,372.686861083653,691.874630866564
7282,364.230172496606,690.235727647828
7287,365.928325323898,666.555421429889
7290,374.419357066895,639.814586934729
7291,363.189544246378,632.119657666529
7293,359.518994647444,654.127215797751
7296,NA,NA
7298,355.63005581538,642.165704406284
7302,NA,NA
7308,357.270648889588,660.102295038763
7310,NA,NA
7325,NA,NA
7329,361.656324420698,661.56434194145
7330,NA,NA
7335,363.198678120222,666.42541166821
7342,NA,NA
7347,370.108456569906,738.33277921216
7350,372.004096108476,643.178827166811
7357,373.505558111502,685.807626093189
7366,356.170196554316,661.062776207407
7367,353.67009114937,619.489266632265
7371,858.024688037288,716.495847432819
7372,376.77455841676,689.50188886168
7374,361.471590856045,637.043538445083
7375,335.028684178979,688.383652653247
7377,371.570105574289,647.964074587673
7382,374.860926822549,642.999541753349
7384,388.55334975562,658.752435275902
7388,358.126251957578,648.721713196994
7389,364.860970938342,679.08815470237
7391,NA,NA
7393,367.913574871069,683.115575997686
7394,NA,NA
7395,355.020365881958,707.646966201374
7399,341.724091562063,617.743765078476
7404,351.520594705318,660.93190776958
7406,386.507190986487,676.853527574722
7407,346.397662703824,600.850035633036
7410,368.580643595683,646.163178152478
7414,352.831081477054,652.420915350433
7418,352.11465092859,630.434756425708
7422,348.253333245437,617.633066040498
7423,366.360205556519,683.935902896018
7430,393.984935740367,697.730377354314
7434,NA,NA
7436,364.295809724547,667.260653782321
7437,393.837567497603,652.969901255835
7438,361.778986827554,672.701705250091
7442,370.701698568365,634.887801290829
7447,348.944929246187,659.370051774863
7449,348.035130081014,648.687796525207
7451,351.189691708546,625.572572374298
7454,366.633460763062,632.367432941695
7455,369.042045041927,639.002813408162
7456,357.806574053353,630.467228025639
7459,362.021367046788,633.534757578839
7468,353.630727678941,625.46808087055
7470,386.54042282623,661.908126303841
7476,363.347855462627,624.883068104199
7485,373.827239360975,679.011167558605
7488,347.264874637182,664.79754052347
7495,341.02441679198,712.259294683955
7496,417.937009151229,671.685373712695
7497,NA,NA
7499,353.871131175879,666.047598223013
7503,369.217075527218,684.171026600975
7505,NA,NA
7506,349.391964448839,633.635864028781
7527,371.310102931631,649.976718889709
7538,364.24722037216,640.301744214205
7543,NA,NA
7544,365.902367837429,705.00264511316
7545,343.298694507265,689.333488590658
7554,NA,NA
7558,369.153167266773,736.058333930446
7560,382.683224351739,680.159619134305
7565,362.598194865999,660.737028857311
7573,360.610001969352,714.597945686204
7579,359.62799327278,690.847082731868
7582,374.749075370731,648.898291840169
7586,350.663195360394,618.862749232514
7589,380.297409624543,698.679896743343
7591,NA,NA
7593,NA,NA
7596,372.456692868308,691.938139030247
7599,357.56798838452,632.856194776376
7605,NA,NA
7610,381.469899639579,693.259325744575
7611,350.511677858816,672.671147474504
7616,347.40715102857,676.939150116178
7627,361.577625540884,717.955335724588
7633,385.288929952588,707.33895968005
7636,378.345548487853,692.092813796005
7638,NA,NA
7643,353.183910637924,645.322563859303
7646,357.986282395834,701.318500652958
7653,NA,NA
7659,363.846446752814,648.830809575147
7660,353.647716515275,669.80921547582
7666,365.887198578156,710.254131863112
7668,368.105605783991,647.106491047311
7670,386.909249576861,668.220280440545
7671,379.289381479282,677.117202525998
7672,363.163642414774,622.567912748488
7674,350.97237331288,659.674136524938
7679,NA,NA
7694,347.380368978533,649.186423451906
7695,347.128633844518,643.628588559914
7696,351.569734313018,670.43515284647
7699,377.201881617169,652.83930245379
7700,360.794030457002,665.255009102087
7701,369.628039637666,650.396754279799
7709,NA,NA
7716,392.717337370601,677.547029614096
7718,379.208239802265,662.261496561576
7721,361.010125362191,667.578082197253
7722,372.349953791353,653.110948451279
7723,NA,NA
7725,357.775024052299,626.32328577402
7730,NA,NA
7735,349.028851659299,755.705858360901
7748,NA,NA
7752,385.102077203217,648.705315591784
7755,365.331568281521,654.182033661463
7760,353.885062506119,656.87134980624
7768,358.029629574215,693.924615216192
7775,NA,NA
7777,351.940257772523,660.023825940645
7780,NA,NA
7782,362.989099678548,643.37096234804
7792,349.329867086214,661.431100419436
7796,358.955416299178,702.324767656572
7803,367.49019468318,648.757162610748
7805,358.468315016707,649.111164823561
7818,358.123768869307,702.968761854394
7819,348.736133591785,613.477248375687
7825,370.857297989162,655.1596220917
7827,337.820439275401,657.149131783204
7833,353.091735358319,633.237599239055
7834,373.713073549402,651.130523610196
7836,354.195764659346,638.184885865529
7838,373.62107982225,651.474566703401
7841,361.545484664022,653.810202396032
7845,359.472590275847,633.489262104097
7852,NA,NA
7856,365.655790588405,681.633672723014
7862,NA,NA
7863,365.142976654072,656.552178894141
7870,NA,NA
7879,348.805905947836,699.25782511741
7882,361.077487626567,638.354569898216
7886,375.304062504036,708.305704321446
7890,355.787962189209,633.599173703321
7891,345.315793820288,644.508840265387
7895,342.928435727946,632.554807139865
7899,370.094752417408,664.117143720392
7903,NA,NA
7908,345.658703311871,633.377918410469
7915,NA,NA
7926,NA,NA
7930,356.473719114208,646.855060702126
7931,358.141888654252,630.614815380931
7935,382.684821518152,685.854970115108
7939,NA,NA
7941,NA,NA
7949,NA,NA
7956,373.19742768698,665.608471740112
7959,373.354622586736,634.931104448792
7960,377.448761039198,709.979141125716
7964,364.410243270169,646.547654991481
7965,369.456580430091,694.855726749476
7974,385.628177352684,660.902315002099
7981,372.869971216791,649.582589707374
7984,361.437568865008,688.47866615085
7991,361.471488017295,655.195784782981
7996,363.728608394752,650.146565014763
8002,340.458149029279,628.17987064869
8007,381.420542384222,673.721046343647
8008,355.036903011808,695.557784626244
8014,367.201422242921,651.327824227299
8021,355.219829028497,635.36196246017
8022,NA,NA
8027,365.060593043826,665.845017754671
8029,356.218273123676,643.857668225317
8032,355.672368958616,616.697276966798
8035,347.49055909219,685.553704795108
8045,366.439693249952,644.164770429123
8046,372.297228585369,661.449481428614
8054,NA,NA
8057,350.217631302653,689.340271852406
8061,377.106348668616,657.892294443884
8064,NA,NA
8068,388.183840025976,663.951985041579
8069,348.441353611859,671.303077831533
8070,361.764529544262,676.623441595881
8074,NA,NA
8077,NA,NA
8078,355.625969253312,657.008897560497
8084,357.093814779938,631.238747070143
8085,365.569631477097,654.48046880482
8090,369.849117082326,640.84768157049
8103,373.902041014229,678.455477475595
8114,345.521713374769,654.547662827965
8120,347.812786949953,626.405643644311
8121,375.769269428958,713.828209665412
8122,349.621960089198,703.458386696893
8123,362.837165081215,640.872272455624
8125,368.445059710043,692.837158061674
8129,345.228226763009,691.972533323399
8136,NA,NA
8139,NA,NA
8140,NA,NA
8146,NA,NA
8148,358.038463532573,694.238752460683
8150,359.449464566591,708.883358154194
8155,377.964383473453,680.029740098205
8157,351.664757369884,702.109600182191
8163,373.073731968662,628.204248420654
8164,331.719798060234,662.057263254624
8166,371.617492242573,651.1004437865
8169,379.071217138778,665.059746487884
8181,373.027859285991,692.425409912673
8183,345.746255559105,641.096646983285
8186,348.159439666414,646.766385595404
8188,364.478989487526,683.04780837321
8190,352.702675439742,657.417948054429
8192,319.385489789812,642.644344652212
8195,360.460860651372,715.602764164298
8198,383.851795943081,675.554777285744
8199,379.025250465825,656.903602404687
8200,NA,NA
8206,368.800642769559,667.563466086628
8210,373.808024986334,648.276268220132
8211,861.10640381445,715.015691677364
8215,344.652006708707,613.394192569982
8219,378.703650719858,663.227923457385
8222,374.022630468505,652.029709824076
8226,341.772889712585,644.858422167656
8227,359.256966665599,644.081328168802
8234,337.314287706381,675.758189331593
8235,360.866832455781,664.955222237685
8239,376.437695198265,638.11807848538
8243,362.21923769767,631.084140335145
8252,346.611444313537,646.452846701379
8253,377.190375072023,650.7123307903
8259,373.338215589616,662.790305048521
8262,368.438981741761,692.515581589661
8272,372.301655547322,667.583041385672
8278,372.260332652643,649.963383860207
8281,359.954969875831,714.529271154986
8285,358.146925572666,708.19958786267
8287,345.235011277317,633.814155237732
8288,NA,NA
8290,372.896953759044,682.386286798149
8293,344.686262432937,610.210160114724
8301,385.336163873767,676.232732449952
8303,369.774888093059,655.246999920321
8304,NA,NA
8305,362.035117177676,687.381227090679
8307,NA,NA
8311,NA,NA
8312,343.302272479402,610.60776426375
8313,368.326429996145,667.014827392997
8316,370.10837676707,709.615475550499
8320,359.73889216514,669.497607183949
8323,368.674294634462,663.121135181925
8333,373.311858387495,655.332421369851
8335,359.684146658728,726.684184288993
8336,367.400615209848,655.205590877994
8341,NA,NA
8343,348.527194152301,670.88910673052
8346,366.388845385132,714.162032767797
8347,396.051193191721,706.87325901671
8348,345.559719315335,685.616388317554
8365,370.086433544787,678.743075598371
8366,400.403467011749,706.028293174386
8368,360.695407309474,677.08323451851
8371,366.117206243322,682.646518457864
8372,370.630441004799,633.764149249101
8382,359.978773059262,686.047302661455
8395,371.972734218224,666.691038090635
8399,361.005942611237,628.969502355291
8403,362.26858304799,731.000464924548
8405,354.226043220513,624.567859608072
8406,366.80705506947,670.477760569516
8408,372.014437825143,684.463180557959
8411,371.892592002713,661.098390985998
8412,NA,NA
8413,329.640452211353,704.650973243797
8414,367.971757186273,672.204572928072
8422,365.859531673958,669.966749814474
8426,NA,NA
8431,NA,NA
8436,NA,NA
8438,NA,NA
8444,376.200102411352,651.98314061409
8445,380.52829851855,644.842960326595
8454,369.327824107746,632.911443078034
8464,NA,NA
8465,372.42017246373,644.351348968108
8467,NA,NA
8470,368.46525540939,666.806692766779
8472,367.579670901627,661.705573889298
8476,366.263240561478,621.358421291344
8479,336.344488063971,699.515361928877
8481,368.809445802231,683.428728432186
8482,358.026037211961,677.085150771277
8490,348.963005598196,674.349518227152
8495,365.084702903424,709.56968406518
8499,375.852668839298,705.166225996395
8503,366.2821891689,653.07814528456
8526,358.633712055916,688.328053069706
8532,NA,NA
8538,362.651116087479,625.236712536787
8541,353.459523903643,649.560643426901
8542,356.894361986632,660.748041994721
8548,375.265891989137,653.236915004663
8549,374.73410412808,685.277550305555
8553,374.095297812481,652.62021853369
8564,357.041173068585,653.404954917101
8566,387.050878392132,665.000234650373
8573,NA,NA
8577,NA,NA
8600,371.651432416644,674.520595006064
8604,366.069344112845,642.237205635886
8605,354.539488582755,657.100096297086
8606,365.001302535315,675.982800491465
8608,356.687639219676,626.785965262187
8610,NA,NA
8611,343.981958871377,659.134475737423
8612,NA,NA
8613,341.66621447,637.453656033057
8637,360.594345407855,677.628123050404
8642,374.154579936333,645.35803827138
8644,358.932587505487,684.851721551103
8649,337.086657913712,628.51483686096
8653,NA,NA
8657,338.908347252835,677.774239169113
8665,369.752869716494,702.355792942625
8672,371.180654613691,659.234157061277
8673,NA,NA
8678,394.928596063347,699.519067411725
8681,387.163087686638,668.056100910327
8682,370.642542503649,638.732200119687
8684,NA,NA
8686,371.923366547736,642.695475022446
8687,NA,NA
8688,381.270781192082,696.587366267802
8691,350.03657178408,678.848114209206
8703,NA,NA
8705,NA,NA
8708,346.298699851496,642.186931518813
8709,NA,NA
8711,NA,NA
8712,339.262457131511,609.594945839697
8714,332.526566666693,684.814062413024
8718,366.732228850503,654.966416309861
8720,365.392063201344,644.127983198022
8721,NA,NA
8734,354.184815140657,649.893262043696
8735,340.102187088699,677.74597800602
8738,356.634930687767,633.24850784904
8747,352.86690500917,652.694110386738
8754,367.992180470146,695.939182785712
8767,354.333226067838,696.149045801791
8768,354.972048559869,695.770970922114
8769,NA,NA
8782,381.203722192644,657.541647177265
8783,365.59702740446,633.172664873821
8784,346.579575852221,700.912246099192
8788,366.360857395293,657.60963838174
8790,343.561154232548,693.92941964576
8799,372.857469249841,656.250183890228
8802,316.242495917527,652.665317031442
8810,351.321360291072,683.542204833465
8815,356.869834746712,644.871953330667
8817,363.000969674552,664.908292009735
8818,363.946578394225,645.375706936488
8821,NA,NA
8825,NA,NA
8831,349.790073608125,698.363325683071
8838,339.554349952208,658.035588687088
8847,344.28009723616,678.129917015289
8850,NA,NA
8853,NA,NA
8859,348.621362100459,685.045495992303
8860,355.229760657481,668.837292891885
8862,362.806522743177,672.507148616193
8863,364.240590057902,625.01762485958
8866,376.449086049675,642.566418813828
8868,370.860996277261,679.869155044256
8870,360.110523542727,660.875946064366
8871,367.209564573089,633.87659058615
8876,365.007925017718,660.152538245052
8884,384.22456342853,660.619101877077
8885,342.194698366224,649.054782778692
8896,355.645776570863,627.389405400145
8898,368.282102964993,647.858544550554
8899,373.744438016926,685.142597730576
8914,380.98021129368,662.205585473634
8915,367.484717725327,649.834871103068
8923,381.173856245945,659.492355750317
8934,347.27824939905,673.150013244395
8935,385.486728319751,647.227159701267
8942,NA,NA
8945,339.703980620991,644.834183736479
8946,356.997109804373,634.139206266392
8948,342.32061701714,681.62128910772
8953,353.81307590435,684.852806326871
8955,362.708565927377,622.088612102606
8956,351.588909144575,657.088758481845
8957,345.736359315358,684.706720612624
8958,376.426326821628,650.809453615173
8959,347.137504453891,634.855183664258
8974,360.413461322562,626.115497155185
8975,NA,NA
8978,393.191228041165,650.160902628076
8980,NA,NA
8982,362.665406850298,627.259319005254
8987,357.170271489994,629.721015298064
8988,378.805380974965,687.28863737013
8989,353.49929993719,672.63851110133
9001,335.204590046158,643.985677858186
9002,360.897781107713,690.795987819639
9007,823.257711695182,681.199843886112
9009,324.844976546612,670.499195972616
9020,NA,NA
9025,354.623678279741,655.713635965569
9026,379.082410099348,664.136679157448
9032,363.877467415539,673.90327722985
9035,366.431296480916,640.568194272675
9041,376.320682485013,705.527930865483
9042,351.227180670125,709.631410687187
9044,344.387162172144,646.986784703568
9045,346.69737126998,678.163567437547
9052,371.835516010499,691.013454878032
9054,NA,NA
9056,338.602655880383,695.501069896121
9058,NA,NA
9060,353.829468860617,660.249537955648
9061,NA,NA
9064,353.845637108518,682.594282759023
9068,353.876209693866,625.228068743561
9069,373.6087986762,660.692116431052
9072,338.730904808016,626.763024218885
9074,364.216493592317,682.241395356012
9075,378.433155232904,689.900232114632
9085,NA,NA
9089,350.976714588477,697.427157255582
9090,NA,NA
9098,351.082800215353,639.651340936496
9101,NA,NA
9105,383.973341843775,647.429019899151
9106,378.978431076615,682.231029830211
9108,374.447069556991,709.902224180989
9114,362.187925975575,669.724371444068
9118,NA,NA
9123,362.06915693992,737.535069398238
9129,361.317636981739,694.151091494842
9130,360.359591321234,628.288888271281
9139,373.098377106277,702.2639099808
9140,362.507778944656,665.853015176264
9143,NA,NA
9144,384.010660716502,641.972783837361
9148,846.064116913214,700.108700483285
9150,361.129375219366,648.91289611605
9151,349.405660266849,666.980335608453
9152,372.987952393096,691.099257729648
9154,354.173654798416,651.820732679942
9156,NA,NA
9161,NA,NA
9175,341.594963590007,707.620366136171
9179,NA,NA
9180,NA,NA
9186,365.513255099678,714.748472649854
9187,375.630833419315,667.10275486042
9190,370.667560103172,653.476778093953
9193,368.193530046,688.579102692452
9203,350.293071444387,666.116963369207
9205,352.310843016827,661.666904931291
9208,357.369208007197,624.032541517367
9210,349.39298766645,663.313037466752
9213,355.855297213644,630.648343557348
9214,366.489397717038,627.801950475063
9218,337.728898335652,636.650835794157
9224,851.55106597283,687.156461076715
9228,342.462754397795,673.564432761857
